{"cameraMode":{"drawMode":0,"name":"Shaded","section":"Shading Mode"},"sceneLighting":true,"audioPlay":false,"sceneViewState":{"showFog":true,"showMaterialUpdate":true,"showSkybox":true,"showFlares":true,"showImageEffects":true,"showParticleSystems":true},"in2DMode":false,"pivot":{"x":-19.40143394470215,"y":-4.33277702331543,"z":5.116230010986328},"rotation":{"x":0.23543047904968263,"y":-0.3393367826938629,"z":0.08813559263944626,"w":0.9064631462097168},"size":15.897293090820313,"orthographic":false}