{"cameraMode":{"drawMode":0,"name":"Shaded","section":"Shading Mode"},"sceneLighting":true,"audioPlay":false,"sceneViewState":{"showFog":true,"showMaterialUpdate":true,"showSkybox":true,"showFlares":true,"showImageEffects":true,"showParticleSystems":true},"in2DMode":false,"pivot":{"x":-1.0708584785461426,"y":6.451216697692871,"z":1.5301008224487305},"rotation":{"x":0.11465803533792496,"y":0.003871107706800103,"z":-0.0004454308364074677,"w":0.9934093952178955},"size":13.285459518432618,"orthographic":false}